{
  "$id": "1",
  "$type": "NINA.Sequencer.Container.SequenceRootContainer, NINA.Sequencer",
  "Strategy": {
    "$type": "NINA.Sequencer.Container.ExecutionStrategy.SequentialStrategy, NINA.Sequencer"
  },
  "Name": "filter",
  "Conditions": {
    "$id": "2",
    "$type": "System.Collections.ObjectModel.ObservableCollection`1[[NINA.Sequencer.Conditions.ISequenceCondition, NINA.Sequencer]], System",
    "$values": []
  },
  "IsExpanded": true,
  "Items": {
    "$id": "3",
    "$type": "System.Collections.ObjectModel.ObservableCollection`1[[NINA.Sequencer.SequenceItem.ISequenceItem, NINA.Sequencer]], System",
    "$values": [
      {
        "$id": "4",
        "$type": "NINA.Sequencer.Container.StartAreaContainer, NINA.Sequencer",
        "Strategy": {
          "$type": "NINA.Sequencer.Container.ExecutionStrategy.SequentialStrategy, NINA.Sequencer"
        },
        "Name": "Start",
        "Conditions": {
          "$id": "5",
          "$type": "System.Collections.ObjectModel.ObservableCollection`1[[NINA.Sequencer.Conditions.ISequenceCondition, NINA.Sequencer]], System",
          "$values": []
        },
        "IsExpanded": true,
        "Items": {
          "$id": "6",
          "$type": "System.Collections.ObjectModel.ObservableCollection`1[[NINA.Sequencer.SequenceItem.ISequenceItem, NINA.Sequencer]], System",
          "$values": []
        },
        "Triggers": {
          "$id": "7",
          "$type": "System.Collections.ObjectModel.ObservableCollection`1[[NINA.Sequencer.Trigger.ISequenceTrigger, NINA.Sequencer]], System",
          "$values": []
        },
        "Parent": {
          "$ref": "1"
        },
        "ErrorBehavior": 0,
        "Attempts": 1
      },
      {
        "$id": "8",
        "$type": "NINA.Sequencer.Container.TargetAreaContainer, NINA.Sequencer",
        "Strategy": {
          "$type": "NINA.Sequencer.Container.ExecutionStrategy.SequentialStrategy, NINA.Sequencer"
        },
        "Name": "Targets",
        "Conditions": {
          "$id": "9",
          "$type": "System.Collections.ObjectModel.ObservableCollection`1[[NINA.Sequencer.Conditions.ISequenceCondition, NINA.Sequencer]], System",
          "$values": []
        },
        "IsExpanded": true,
        "Items": {
          "$id": "10",
          "$type": "System.Collections.ObjectModel.ObservableCollection`1[[NINA.Sequencer.SequenceItem.ISequenceItem, NINA.Sequencer]], System",
          "$values": [
            {
              "$id": "11",
              "$type": "ConstantsPlugin.Constants.SmartExposure, ConstantsPlugin",
              "ErrorBehavior": 0,
              "Attempts": 1,
              "IsValidSmartIterationCount": "#FFADFF2F",
              "IterationsExpr": "1",
              "IterationCountString": "1",
              "IterationCount": 1,
              "IsValidDitherCount": "#FFADFF2F",
              "DitherExpr": "1",
              "DitherCountString": "1",
              "DitherCount": 1,
              "Strategy": {
                "$type": "NINA.Sequencer.Container.ExecutionStrategy.SequentialStrategy, NINA.Sequencer"
              },
              "Name": "Smart Exposure",
              "Conditions": {
                "$id": "12",
                "$type": "System.Collections.ObjectModel.ObservableCollection`1[[NINA.Sequencer.Conditions.ISequenceCondition, NINA.Sequencer]], System",
                "$values": [
                  {
                    "$id": "13",
                    "$type": "NINA.Sequencer.Conditions.LoopCondition, NINA.Sequencer",
                    "CompletedIterations": 0,
                    "Iterations": 1,
                    "Parent": {
                      "$ref": "11"
                    }
                  }
                ]
              },
              "IsExpanded": false,
              "Items": {
                "$id": "14",
                "$type": "System.Collections.ObjectModel.ObservableCollection`1[[NINA.Sequencer.SequenceItem.ISequenceItem, NINA.Sequencer]], System",
                "$values": [
                  {
                    "$id": "15",
                    "$type": "NINA.Sequencer.SequenceItem.FilterWheel.SwitchFilter, NINA.Sequencer",
                    "Filter": {
                      "$id": "16",
                      "$type": "NINA.Core.Model.Equipment.FilterInfo, NINA.Core",
                      "_name": "u",
                      "_focusOffset": 0,
                      "_position": 0,
                      "_autoFocusExposureTime": -1.0,
                      "_autoFocusFilter": false,
                      "FlatWizardFilterSettings": {
                        "$id": "17",
                        "$type": "NINA.Core.Model.Equipment.FlatWizardFilterSettings, NINA.Core",
                        "FlatWizardMode": 0,
                        "HistogramMeanTarget": 0.5,
                        "HistogramTolerance": 0.1,
                        "MaxFlatExposureTime": 30.0,
                        "MinFlatExposureTime": 0.01,
                        "StepSize": 0.1,
                        "MaxAbsoluteFlatDeviceBrightness": 1,
                        "MinAbsoluteFlatDeviceBrightness": 0,
                        "FlatDeviceAbsoluteStepSize": 1
                      },
                      "_autoFocusBinning": {
                        "$id": "18",
                        "$type": "NINA.Core.Model.Equipment.BinningMode, NINA.Core",
                        "X": 1,
                        "Y": 1
                      },
                      "_autoFocusGain": -1,
                      "_autoFocusOffset": -1
                    },
                    "Parent": {
                      "$ref": "11"
                    },
                    "ErrorBehavior": 0,
                    "Attempts": 1
                  },
                  {
                    "$id": "19",
                    "$type": "ConstantsPlugin.Constants.TakeExposure, ConstantsPlugin",
                    "ExposureTimeExpr": "0",
                    "ExposureTimeString": "0",
                    "ExposureTime": 0.0,
                    "Gain": -1,
                    "Offset": -1,
                    "Binning": {
                      "$id": "20",
                      "$type": "NINA.Core.Model.Equipment.BinningMode, NINA.Core",
                      "X": 1,
                      "Y": 1
                    },
                    "ImageType": "LIGHT",
                    "ExposureCount": 0,
                    "IsValidExposureTime": "#FFADFF2F",
                    "Parent": {
                      "$ref": "11"
                    },
                    "ErrorBehavior": 0,
                    "Attempts": 1
                  }
                ]
              },
              "Triggers": {
                "$id": "21",
                "$type": "System.Collections.ObjectModel.ObservableCollection`1[[NINA.Sequencer.Trigger.ISequenceTrigger, NINA.Sequencer]], System",
                "$values": [
                  {
                    "$id": "22",
                    "$type": "NINA.Sequencer.Trigger.Guider.DitherAfterExposures, NINA.Sequencer",
                    "AfterExposures": 1,
                    "Parent": {
                      "$ref": "11"
                    },
                    "TriggerRunner": {
                      "$id": "23",
                      "$type": "NINA.Sequencer.Container.SequentialContainer, NINA.Sequencer",
                      "Strategy": {
                        "$type": "NINA.Sequencer.Container.ExecutionStrategy.SequentialStrategy, NINA.Sequencer"
                      },
                      "Name": null,
                      "Conditions": {
                        "$id": "24",
                        "$type": "System.Collections.ObjectModel.ObservableCollection`1[[NINA.Sequencer.Conditions.ISequenceCondition, NINA.Sequencer]], System",
                        "$values": []
                      },
                      "IsExpanded": true,
                      "Items": {
                        "$id": "25",
                        "$type": "System.Collections.ObjectModel.ObservableCollection`1[[NINA.Sequencer.SequenceItem.ISequenceItem, NINA.Sequencer]], System",
                        "$values": [
                          {
                            "$id": "26",
                            "$type": "NINA.Sequencer.SequenceItem.Guider.Dither, NINA.Sequencer",
                            "Parent": {
                              "$ref": "23"
                            },
                            "ErrorBehavior": 0,
                            "Attempts": 1
                          }
                        ]
                      },
                      "Triggers": {
                        "$id": "27",
                        "$type": "System.Collections.ObjectModel.ObservableCollection`1[[NINA.Sequencer.Trigger.ISequenceTrigger, NINA.Sequencer]], System",
                        "$values": []
                      },
                      "Parent": null,
                      "ErrorBehavior": 0,
                      "Attempts": 1
                    }
                  }
                ]
              },
              "Parent": {
                "$ref": "8"
              }
            },
            {
              "$id": "28",
              "$type": "ConstantsPlugin.Constants.SmartExposure, ConstantsPlugin",
              "ErrorBehavior": 0,
              "Attempts": 1,
              "IsValidSmartIterationCount": "#FFADFF2F",
              "IterationsExpr": "1",
              "IterationCountString": "1",
              "IterationCount": 1,
              "IsValidDitherCount": "#FFADFF2F",
              "DitherExpr": "1",
              "DitherCountString": "1",
              "DitherCount": 1,
              "Strategy": {
                "$type": "NINA.Sequencer.Container.ExecutionStrategy.SequentialStrategy, NINA.Sequencer"
              },
              "Name": "Smart Exposure",
              "Conditions": {
                "$id": "29",
                "$type": "System.Collections.ObjectModel.ObservableCollection`1[[NINA.Sequencer.Conditions.ISequenceCondition, NINA.Sequencer]], System",
                "$values": [
                  {
                    "$id": "30",
                    "$type": "NINA.Sequencer.Conditions.LoopCondition, NINA.Sequencer",
                    "CompletedIterations": 0,
                    "Iterations": 1,
                    "Parent": {
                      "$ref": "28"
                    }
                  }
                ]
              },
              "IsExpanded": false,
              "Items": {
                "$id": "31",
                "$type": "System.Collections.ObjectModel.ObservableCollection`1[[NINA.Sequencer.SequenceItem.ISequenceItem, NINA.Sequencer]], System",
                "$values": [
                  {
                    "$id": "32",
                    "$type": "NINA.Sequencer.SequenceItem.FilterWheel.SwitchFilter, NINA.Sequencer",
                    "Filter": {
                      "$id": "33",
                      "$type": "NINA.Core.Model.Equipment.FilterInfo, NINA.Core",
                      "_name": "g",
                      "_focusOffset": 0,
                      "_position": 1,
                      "_autoFocusExposureTime": -1.0,
                      "_autoFocusFilter": false,
                      "FlatWizardFilterSettings": {
                        "$id": "34",
                        "$type": "NINA.Core.Model.Equipment.FlatWizardFilterSettings, NINA.Core",
                        "FlatWizardMode": 0,
                        "HistogramMeanTarget": 0.5,
                        "HistogramTolerance": 0.1,
                        "MaxFlatExposureTime": 30.0,
                        "MinFlatExposureTime": 0.01,
                        "StepSize": 0.1,
                        "MaxAbsoluteFlatDeviceBrightness": 1,
                        "MinAbsoluteFlatDeviceBrightness": 0,
                        "FlatDeviceAbsoluteStepSize": 1
                      },
                      "_autoFocusBinning": {
                        "$id": "35",
                        "$type": "NINA.Core.Model.Equipment.BinningMode, NINA.Core",
                        "X": 1,
                        "Y": 1
                      },
                      "_autoFocusGain": -1,
                      "_autoFocusOffset": -1
                    },
                    "Parent": {
                      "$ref": "28"
                    },
                    "ErrorBehavior": 0,
                    "Attempts": 1
                  },
                  {
                    "$id": "36",
                    "$type": "ConstantsPlugin.Constants.TakeExposure, ConstantsPlugin",
                    "ExposureTimeExpr": "0",
                    "ExposureTimeString": "0",
                    "ExposureTime": 0.0,
                    "Gain": -1,
                    "Offset": -1,
                    "Binning": {
                      "$id": "37",
                      "$type": "NINA.Core.Model.Equipment.BinningMode, NINA.Core",
                      "X": 1,
                      "Y": 1
                    },
                    "ImageType": "LIGHT",
                    "ExposureCount": 0,
                    "IsValidExposureTime": "#FFADFF2F",
                    "Parent": {
                      "$ref": "28"
                    },
                    "ErrorBehavior": 0,
                    "Attempts": 1
                  }
                ]
              },
              "Triggers": {
                "$id": "38",
                "$type": "System.Collections.ObjectModel.ObservableCollection`1[[NINA.Sequencer.Trigger.ISequenceTrigger, NINA.Sequencer]], System",
                "$values": [
                  {
                    "$id": "39",
                    "$type": "NINA.Sequencer.Trigger.Guider.DitherAfterExposures, NINA.Sequencer",
                    "AfterExposures": 1,
                    "Parent": {
                      "$ref": "28"
                    },
                    "TriggerRunner": {
                      "$id": "40",
                      "$type": "NINA.Sequencer.Container.SequentialContainer, NINA.Sequencer",
                      "Strategy": {
                        "$type": "NINA.Sequencer.Container.ExecutionStrategy.SequentialStrategy, NINA.Sequencer"
                      },
                      "Name": null,
                      "Conditions": {
                        "$id": "41",
                        "$type": "System.Collections.ObjectModel.ObservableCollection`1[[NINA.Sequencer.Conditions.ISequenceCondition, NINA.Sequencer]], System",
                        "$values": []
                      },
                      "IsExpanded": true,
                      "Items": {
                        "$id": "42",
                        "$type": "System.Collections.ObjectModel.ObservableCollection`1[[NINA.Sequencer.SequenceItem.ISequenceItem, NINA.Sequencer]], System",
                        "$values": [
                          {
                            "$id": "43",
                            "$type": "NINA.Sequencer.SequenceItem.Guider.Dither, NINA.Sequencer",
                            "Parent": {
                              "$ref": "40"
                            },
                            "ErrorBehavior": 0,
                            "Attempts": 1
                          }
                        ]
                      },
                      "Triggers": {
                        "$id": "44",
                        "$type": "System.Collections.ObjectModel.ObservableCollection`1[[NINA.Sequencer.Trigger.ISequenceTrigger, NINA.Sequencer]], System",
                        "$values": []
                      },
                      "Parent": null,
                      "ErrorBehavior": 0,
                      "Attempts": 1
                    }
                  }
                ]
              },
              "Parent": {
                "$ref": "8"
              }
            },
            {
              "$id": "45",
              "$type": "ConstantsPlugin.Constants.SmartExposure, ConstantsPlugin",
              "ErrorBehavior": 0,
              "Attempts": 1,
              "IsValidSmartIterationCount": "#FFADFF2F",
              "IterationsExpr": "1",
              "IterationCountString": "1",
              "IterationCount": 1,
              "IsValidDitherCount": "#FFADFF2F",
              "DitherExpr": "1",
              "DitherCountString": "1",
              "DitherCount": 1,
              "Strategy": {
                "$type": "NINA.Sequencer.Container.ExecutionStrategy.SequentialStrategy, NINA.Sequencer"
              },
              "Name": "Smart Exposure",
              "Conditions": {
                "$id": "46",
                "$type": "System.Collections.ObjectModel.ObservableCollection`1[[NINA.Sequencer.Conditions.ISequenceCondition, NINA.Sequencer]], System",
                "$values": [
                  {
                    "$id": "47",
                    "$type": "NINA.Sequencer.Conditions.LoopCondition, NINA.Sequencer",
                    "CompletedIterations": 0,
                    "Iterations": 1,
                    "Parent": {
                      "$ref": "45"
                    }
                  }
                ]
              },
              "IsExpanded": false,
              "Items": {
                "$id": "48",
                "$type": "System.Collections.ObjectModel.ObservableCollection`1[[NINA.Sequencer.SequenceItem.ISequenceItem, NINA.Sequencer]], System",
                "$values": [
                  {
                    "$id": "49",
                    "$type": "NINA.Sequencer.SequenceItem.FilterWheel.SwitchFilter, NINA.Sequencer",
                    "Filter": {
                      "$id": "50",
                      "$type": "NINA.Core.Model.Equipment.FilterInfo, NINA.Core",
                      "_name": "r",
                      "_focusOffset": 0,
                      "_position": 2,
                      "_autoFocusExposureTime": -1.0,
                      "_autoFocusFilter": false,
                      "FlatWizardFilterSettings": {
                        "$id": "51",
                        "$type": "NINA.Core.Model.Equipment.FlatWizardFilterSettings, NINA.Core",
                        "FlatWizardMode": 0,
                        "HistogramMeanTarget": 0.5,
                        "HistogramTolerance": 0.1,
                        "MaxFlatExposureTime": 30.0,
                        "MinFlatExposureTime": 0.01,
                        "StepSize": 0.1,
                        "MaxAbsoluteFlatDeviceBrightness": 1,
                        "MinAbsoluteFlatDeviceBrightness": 0,
                        "FlatDeviceAbsoluteStepSize": 1
                      },
                      "_autoFocusBinning": {
                        "$id": "52",
                        "$type": "NINA.Core.Model.Equipment.BinningMode, NINA.Core",
                        "X": 1,
                        "Y": 1
                      },
                      "_autoFocusGain": -1,
                      "_autoFocusOffset": -1
                    },
                    "Parent": {
                      "$ref": "45"
                    },
                    "ErrorBehavior": 0,
                    "Attempts": 1
                  },
                  {
                    "$id": "53",
                    "$type": "ConstantsPlugin.Constants.TakeExposure, ConstantsPlugin",
                    "ExposureTimeExpr": "0",
                    "ExposureTimeString": "0",
                    "ExposureTime": 0.0,
                    "Gain": -1,
                    "Offset": -1,
                    "Binning": {
                      "$id": "54",
                      "$type": "NINA.Core.Model.Equipment.BinningMode, NINA.Core",
                      "X": 1,
                      "Y": 1
                    },
                    "ImageType": "LIGHT",
                    "ExposureCount": 0,
                    "IsValidExposureTime": "#FFADFF2F",
                    "Parent": {
                      "$ref": "45"
                    },
                    "ErrorBehavior": 0,
                    "Attempts": 1
                  }
                ]
              },
              "Triggers": {
                "$id": "55",
                "$type": "System.Collections.ObjectModel.ObservableCollection`1[[NINA.Sequencer.Trigger.ISequenceTrigger, NINA.Sequencer]], System",
                "$values": [
                  {
                    "$id": "56",
                    "$type": "NINA.Sequencer.Trigger.Guider.DitherAfterExposures, NINA.Sequencer",
                    "AfterExposures": 1,
                    "Parent": {
                      "$ref": "45"
                    },
                    "TriggerRunner": {
                      "$id": "57",
                      "$type": "NINA.Sequencer.Container.SequentialContainer, NINA.Sequencer",
                      "Strategy": {
                        "$type": "NINA.Sequencer.Container.ExecutionStrategy.SequentialStrategy, NINA.Sequencer"
                      },
                      "Name": null,
                      "Conditions": {
                        "$id": "58",
                        "$type": "System.Collections.ObjectModel.ObservableCollection`1[[NINA.Sequencer.Conditions.ISequenceCondition, NINA.Sequencer]], System",
                        "$values": []
                      },
                      "IsExpanded": true,
                      "Items": {
                        "$id": "59",
                        "$type": "System.Collections.ObjectModel.ObservableCollection`1[[NINA.Sequencer.SequenceItem.ISequenceItem, NINA.Sequencer]], System",
                        "$values": [
                          {
                            "$id": "60",
                            "$type": "NINA.Sequencer.SequenceItem.Guider.Dither, NINA.Sequencer",
                            "Parent": {
                              "$ref": "57"
                            },
                            "ErrorBehavior": 0,
                            "Attempts": 1
                          }
                        ]
                      },
                      "Triggers": {
                        "$id": "61",
                        "$type": "System.Collections.ObjectModel.ObservableCollection`1[[NINA.Sequencer.Trigger.ISequenceTrigger, NINA.Sequencer]], System",
                        "$values": []
                      },
                      "Parent": null,
                      "ErrorBehavior": 0,
                      "Attempts": 1
                    }
                  }
                ]
              },
              "Parent": {
                "$ref": "8"
              }
            },
            {
              "$id": "62",
              "$type": "ConstantsPlugin.Constants.SmartExposure, ConstantsPlugin",
              "ErrorBehavior": 0,
              "Attempts": 1,
              "IsValidSmartIterationCount": "#FFADFF2F",
              "IterationsExpr": "1",
              "IterationCountString": "1",
              "IterationCount": 1,
              "IsValidDitherCount": "#FFADFF2F",
              "DitherExpr": "1",
              "DitherCountString": "1",
              "DitherCount": 1,
              "Strategy": {
                "$type": "NINA.Sequencer.Container.ExecutionStrategy.SequentialStrategy, NINA.Sequencer"
              },
              "Name": "Smart Exposure",
              "Conditions": {
                "$id": "63",
                "$type": "System.Collections.ObjectModel.ObservableCollection`1[[NINA.Sequencer.Conditions.ISequenceCondition, NINA.Sequencer]], System",
                "$values": [
                  {
                    "$id": "64",
                    "$type": "NINA.Sequencer.Conditions.LoopCondition, NINA.Sequencer",
                    "CompletedIterations": 0,
                    "Iterations": 1,
                    "Parent": {
                      "$ref": "62"
                    }
                  }
                ]
              },
              "IsExpanded": false,
              "Items": {
                "$id": "65",
                "$type": "System.Collections.ObjectModel.ObservableCollection`1[[NINA.Sequencer.SequenceItem.ISequenceItem, NINA.Sequencer]], System",
                "$values": [
                  {
                    "$id": "66",
                    "$type": "NINA.Sequencer.SequenceItem.FilterWheel.SwitchFilter, NINA.Sequencer",
                    "Filter": {
                      "$id": "67",
                      "$type": "NINA.Core.Model.Equipment.FilterInfo, NINA.Core",
                      "_name": "i",
                      "_focusOffset": 0,
                      "_position": 3,
                      "_autoFocusExposureTime": -1.0,
                      "_autoFocusFilter": false,
                      "FlatWizardFilterSettings": {
                        "$id": "68",
                        "$type": "NINA.Core.Model.Equipment.FlatWizardFilterSettings, NINA.Core",
                        "FlatWizardMode": 0,
                        "HistogramMeanTarget": 0.5,
                        "HistogramTolerance": 0.1,
                        "MaxFlatExposureTime": 30.0,
                        "MinFlatExposureTime": 0.01,
                        "StepSize": 0.1,
                        "MaxAbsoluteFlatDeviceBrightness": 1,
                        "MinAbsoluteFlatDeviceBrightness": 0,
                        "FlatDeviceAbsoluteStepSize": 1
                      },
                      "_autoFocusBinning": {
                        "$id": "69",
                        "$type": "NINA.Core.Model.Equipment.BinningMode, NINA.Core",
                        "X": 1,
                        "Y": 1
                      },
                      "_autoFocusGain": -1,
                      "_autoFocusOffset": -1
                    },
                    "Parent": {
                      "$ref": "62"
                    },
                    "ErrorBehavior": 0,
                    "Attempts": 1
                  },
                  {
                    "$id": "70",
                    "$type": "ConstantsPlugin.Constants.TakeExposure, ConstantsPlugin",
                    "ExposureTimeExpr": "0",
                    "ExposureTimeString": "0",
                    "ExposureTime": 0.0,
                    "Gain": -1,
                    "Offset": -1,
                    "Binning": {
                      "$id": "71",
                      "$type": "NINA.Core.Model.Equipment.BinningMode, NINA.Core",
                      "X": 1,
                      "Y": 1
                    },
                    "ImageType": "LIGHT",
                    "ExposureCount": 0,
                    "IsValidExposureTime": "#FFADFF2F",
                    "Parent": {
                      "$ref": "62"
                    },
                    "ErrorBehavior": 0,
                    "Attempts": 1
                  }
                ]
              },
              "Triggers": {
                "$id": "72",
                "$type": "System.Collections.ObjectModel.ObservableCollection`1[[NINA.Sequencer.Trigger.ISequenceTrigger, NINA.Sequencer]], System",
                "$values": [
                  {
                    "$id": "73",
                    "$type": "NINA.Sequencer.Trigger.Guider.DitherAfterExposures, NINA.Sequencer",
                    "AfterExposures": 1,
                    "Parent": {
                      "$ref": "62"
                    },
                    "TriggerRunner": {
                      "$id": "74",
                      "$type": "NINA.Sequencer.Container.SequentialContainer, NINA.Sequencer",
                      "Strategy": {
                        "$type": "NINA.Sequencer.Container.ExecutionStrategy.SequentialStrategy, NINA.Sequencer"
                      },
                      "Name": null,
                      "Conditions": {
                        "$id": "75",
                        "$type": "System.Collections.ObjectModel.ObservableCollection`1[[NINA.Sequencer.Conditions.ISequenceCondition, NINA.Sequencer]], System",
                        "$values": []
                      },
                      "IsExpanded": true,
                      "Items": {
                        "$id": "76",
                        "$type": "System.Collections.ObjectModel.ObservableCollection`1[[NINA.Sequencer.SequenceItem.ISequenceItem, NINA.Sequencer]], System",
                        "$values": [
                          {
                            "$id": "77",
                            "$type": "NINA.Sequencer.SequenceItem.Guider.Dither, NINA.Sequencer",
                            "Parent": {
                              "$ref": "74"
                            },
                            "ErrorBehavior": 0,
                            "Attempts": 1
                          }
                        ]
                      },
                      "Triggers": {
                        "$id": "78",
                        "$type": "System.Collections.ObjectModel.ObservableCollection`1[[NINA.Sequencer.Trigger.ISequenceTrigger, NINA.Sequencer]], System",
                        "$values": []
                      },
                      "Parent": null,
                      "ErrorBehavior": 0,
                      "Attempts": 1
                    }
                  }
                ]
              },
              "Parent": {
                "$ref": "8"
              }
            }
          ]
        },
        "Triggers": {
          "$id": "79",
          "$type": "System.Collections.ObjectModel.ObservableCollection`1[[NINA.Sequencer.Trigger.ISequenceTrigger, NINA.Sequencer]], System",
          "$values": []
        },
        "Parent": {
          "$ref": "1"
        },
        "ErrorBehavior": 0,
        "Attempts": 1
      },
      {
        "$id": "80",
        "$type": "NINA.Sequencer.Container.EndAreaContainer, NINA.Sequencer",
        "Strategy": {
          "$type": "NINA.Sequencer.Container.ExecutionStrategy.SequentialStrategy, NINA.Sequencer"
        },
        "Name": "End",
        "Conditions": {
          "$id": "81",
          "$type": "System.Collections.ObjectModel.ObservableCollection`1[[NINA.Sequencer.Conditions.ISequenceCondition, NINA.Sequencer]], System",
          "$values": []
        },
        "IsExpanded": true,
        "Items": {
          "$id": "82",
          "$type": "System.Collections.ObjectModel.ObservableCollection`1[[NINA.Sequencer.SequenceItem.ISequenceItem, NINA.Sequencer]], System",
          "$values": []
        },
        "Triggers": {
          "$id": "83",
          "$type": "System.Collections.ObjectModel.ObservableCollection`1[[NINA.Sequencer.Trigger.ISequenceTrigger, NINA.Sequencer]], System",
          "$values": []
        },
        "Parent": {
          "$ref": "1"
        },
        "ErrorBehavior": 0,
        "Attempts": 1
      }
    ]
  },
  "Triggers": {
    "$id": "84",
    "$type": "System.Collections.ObjectModel.ObservableCollection`1[[NINA.Sequencer.Trigger.ISequenceTrigger, NINA.Sequencer]], System",
    "$values": []
  },
  "Parent": null,
  "ErrorBehavior": 0,
  "Attempts": 1
}